Time,Load
2023-01-01 00:00:00-08:00,0.41251333333333334
2023-01-01 01:00:00-08:00,0.39807333333333333
2023-01-01 02:00:00-08:00,0.38838833333333334
2023-01-01 03:00:00-08:00,0.38035
2023-01-01 04:00:00-08:00,0.377395
2023-01-01 05:00:00-08:00,0.382015
2023-01-01 06:00:00-08:00,0.39097833333333337
2023-01-01 07:00:00-08:00,0.39569
2023-01-01 08:00:00-08:00,0.38680166666666665
2023-01-01 09:00:00-08:00,0.367415
2023-01-01 10:00:00-08:00,0.34984666666666664
2023-01-01 11:00:00-08:00,0.343215
2023-01-01 12:00:00-08:00,0.34329
2023-01-01 13:00:00-08:00,0.35141333333333336
2023-01-01 14:00:00-08:00,0.36527
2023-01-01 15:00:00-08:00,0.392535
2023-01-01 16:00:00-08:00,0.43425166666666665
2023-01-01 17:00:00-08:00,0.48635666666666666
2023-01-01 18:00:00-08:00,0.496785
2023-01-01 19:00:00-08:00,0.492945
2023-01-01 20:00:00-08:00,0.4861783333333334
2023-01-01 21:00:00-08:00,0.479845
2023-01-01 22:00:00-08:00,0.45991166666666666
2023-01-01 23:00:00-08:00,0.43516166666666667
2023-01-02 00:00:00-08:00,0.41858666666666666
2023-01-02 01:00:00-08:00,0.4046
2023-01-02 02:00:00-08:00,0.3953933333333334
2023-01-02 03:00:00-08:00,0.391355
2023-01-02 04:00:00-08:00,0.397375
2023-01-02 05:00:00-08:00,0.41278666666666664
2023-01-02 06:00:00-08:00,0.43550333333333335
2023-01-02 07:00:00-08:00,0.4449033333333334
2023-01-02 08:00:00-08:00,0.4408633333333334
2023-01-02 09:00:00-08:00,0.439425
2023-01-02 10:00:00-08:00,0.44423333333333337
2023-01-02 11:00:00-08:00,0.44922166666666663
2023-01-02 12:00:00-08:00,0.460745
2023-01-02 13:00:00-08:00,0.4798016666666666
2023-01-02 14:00:00-08:00,0.493205
2023-01-02 15:00:00-08:00,0.5043333333333334
2023-01-02 16:00:00-08:00,0.5215716666666667
2023-01-02 17:00:00-08:00,0.5526316666666666
2023-01-02 18:00:00-08:00,0.554765
2023-01-02 19:00:00-08:00,0.5407666666666666
2023-01-02 20:00:00-08:00,0.5299766666666667
2023-01-02 21:00:00-08:00,0.5136966666666667
2023-01-02 22:00:00-08:00,0.48424666666666666
2023-01-02 23:00:00-08:00,0.4537966666666666
2023-01-03 00:00:00-08:00,0.43265333333333333
2023-01-03 01:00:00-08:00,0.41633
2023-01-03 02:00:00-08:00,0.40631
2023-01-03 03:00:00-08:00,0.403225
2023-01-03 04:00:00-08:00,0.4126283333333334
2023-01-03 05:00:00-08:00,0.43794
2023-01-03 06:00:00-08:00,0.4775433333333334
2023-01-03 07:00:00-08:00,0.50625
2023-01-03 08:00:00-08:00,0.512355
2023-01-03 09:00:00-08:00,0.4999
2023-01-03 10:00:00-08:00,0.4894766666666666
2023-01-03 11:00:00-08:00,0.48379333333333335
2023-01-03 12:00:00-08:00,0.48723
2023-01-03 13:00:00-08:00,0.49617666666666665
2023-01-03 14:00:00-08:00,0.505665
2023-01-03 15:00:00-08:00,0.5190233333333334
2023-01-03 16:00:00-08:00,0.538095
2023-01-03 17:00:00-08:00,0.5719866666666666
2023-01-03 18:00:00-08:00,0.569375
2023-01-03 19:00:00-08:00,0.5588083333333334
2023-01-03 20:00:00-08:00,0.5453583333333334
2023-01-03 21:00:00-08:00,0.5269483333333334
2023-01-03 22:00:00-08:00,0.496445
2023-01-03 23:00:00-08:00,0.46424
2023-01-04 00:00:00-08:00,0.44354166666666667
2023-01-04 01:00:00-08:00,0.42597333333333337
2023-01-04 02:00:00-08:00,0.41373166666666666
2023-01-04 03:00:00-08:00,0.40883
2023-01-04 04:00:00-08:00,0.4152733333333334
2023-01-04 05:00:00-08:00,0.43865166666666666
2023-01-04 06:00:00-08:00,0.47477833333333336
2023-01-04 07:00:00-08:00,0.5022016666666667
2023-01-04 08:00:00-08:00,0.510985
2023-01-04 09:00:00-08:00,0.50492
2023-01-04 10:00:00-08:00,0.49881
2023-01-04 11:00:00-08:00,0.495145
2023-01-04 12:00:00-08:00,0.49519166666666664
2023-01-04 13:00:00-08:00,0.49118833333333334
2023-01-04 14:00:00-08:00,0.486925
2023-01-04 15:00:00-08:00,0.49899
2023-01-04 16:00:00-08:00,0.5197566666666666
2023-01-04 17:00:00-08:00,0.5530883333333334
2023-01-04 18:00:00-08:00,0.55438
2023-01-04 19:00:00-08:00,0.5369383333333334
2023-01-04 20:00:00-08:00,0.522615
2023-01-04 21:00:00-08:00,0.5029916666666666
2023-01-04 22:00:00-08:00,0.4742516666666666
2023-01-04 23:00:00-08:00,0.448605
2023-01-05 00:00:00-08:00,0.42932333333333333
2023-01-05 01:00:00-08:00,0.41158
2023-01-05 02:00:00-08:00,0.400225
2023-01-05 03:00:00-08:00,0.39416666666666667
2023-01-05 04:00:00-08:00,0.396045
2023-01-05 05:00:00-08:00,0.41862333333333335
2023-01-05 06:00:00-08:00,0.45417
2023-01-05 07:00:00-08:00,0.48472333333333334
2023-01-05 08:00:00-08:00,0.49898833333333337
2023-01-05 09:00:00-08:00,0.5058466666666667
2023-01-05 10:00:00-08:00,0.5109466666666667
2023-01-05 11:00:00-08:00,0.5069733333333334
2023-01-05 12:00:00-08:00,0.5050033333333334
2023-01-05 13:00:00-08:00,0.49138333333333334
2023-01-05 14:00:00-08:00,0.48153166666666664
2023-01-05 15:00:00-08:00,0.48700666666666664
2023-01-05 16:00:00-08:00,0.507115
2023-01-05 17:00:00-08:00,0.54448
2023-01-05 18:00:00-08:00,0.5515333333333333
2023-01-05 19:00:00-08:00,0.5412466666666667
2023-01-05 20:00:00-08:00,0.5285383333333333
2023-01-05 21:00:00-08:00,0.5119216666666666
2023-01-05 22:00:00-08:00,0.48283666666666664
2023-01-05 23:00:00-08:00,0.453385
2023-01-06 00:00:00-08:00,0.43361333333333335
2023-01-06 01:00:00-08:00,0.418845
2023-01-06 02:00:00-08:00,0.40819
2023-01-06 03:00:00-08:00,0.404975
2023-01-06 04:00:00-08:00,0.4147383333333334
2023-01-06 05:00:00-08:00,0.4391366666666666
2023-01-06 06:00:00-08:00,0.4786316666666666
2023-01-06 07:00:00-08:00,0.5074266666666667
2023-01-06 08:00:00-08:00,0.496395
2023-01-06 09:00:00-08:00,0.46863333333333335
2023-01-06 10:00:00-08:00,0.44265333333333334
2023-01-06 11:00:00-08:00,0.421525
2023-01-06 12:00:00-08:00,0.41151666666666664
2023-01-06 13:00:00-08:00,0.41417666666666664
2023-01-06 14:00:00-08:00,0.43309333333333333
2023-01-06 15:00:00-08:00,0.45963833333333337
2023-01-06 16:00:00-08:00,0.4953133333333334
2023-01-06 17:00:00-08:00,0.53658
2023-01-06 18:00:00-08:00,0.5382116666666666
2023-01-06 19:00:00-08:00,0.5289016666666666
2023-01-06 20:00:00-08:00,0.5185516666666666
2023-01-06 21:00:00-08:00,0.5064566666666667
2023-01-06 22:00:00-08:00,0.48338333333333333
2023-01-06 23:00:00-08:00,0.456155
2023-01-07 00:00:00-08:00,0.43598666666666663
2023-01-07 01:00:00-08:00,0.42192833333333335
2023-01-07 02:00:00-08:00,0.40908333333333335
2023-01-07 03:00:00-08:00,0.403325
2023-01-07 04:00:00-08:00,0.40432833333333335
2023-01-07 05:00:00-08:00,0.41642666666666667
2023-01-07 06:00:00-08:00,0.43210166666666666
2023-01-07 07:00:00-08:00,0.44022666666666666
2023-01-07 08:00:00-08:00,0.4406
2023-01-07 09:00:00-08:00,0.4340083333333334
2023-01-07 10:00:00-08:00,0.42204
2023-01-07 11:00:00-08:00,0.4043
2023-01-07 12:00:00-08:00,0.3959566666666666
2023-01-07 13:00:00-08:00,0.40449333333333337
2023-01-07 14:00:00-08:00,0.42107333333333336
2023-01-07 15:00:00-08:00,0.45037
2023-01-07 16:00:00-08:00,0.47311
2023-01-07 17:00:00-08:00,0.5073816666666666
2023-01-07 18:00:00-08:00,0.509245
2023-01-07 19:00:00-08:00,0.502285
2023-01-07 20:00:00-08:00,0.49283166666666667
2023-01-07 21:00:00-08:00,0.4816066666666666
2023-01-07 22:00:00-08:00,0.46324333333333334
2023-01-07 23:00:00-08:00,0.44060166666666667
2023-01-08 00:00:00-08:00,0.422265
2023-01-08 01:00:00-08:00,0.40645333333333333
2023-01-08 02:00:00-08:00,0.39598
2023-01-08 03:00:00-08:00,0.38582666666666665
2023-01-08 04:00:00-08:00,0.3854283333333334
2023-01-08 05:00:00-08:00,0.39142
2023-01-08 06:00:00-08:00,0.40393833333333334
2023-01-08 07:00:00-08:00,0.41554166666666664
2023-01-08 08:00:00-08:00,0.41164166666666663
2023-01-08 09:00:00-08:00,0.39327166666666663
2023-01-08 10:00:00-08:00,0.37287166666666666
2023-01-08 11:00:00-08:00,0.357665
2023-01-08 12:00:00-08:00,0.363835
2023-01-08 13:00:00-08:00,0.37651166666666663
2023-01-08 14:00:00-08:00,0.39961166666666664
2023-01-08 15:00:00-08:00,0.429375
2023-01-08 16:00:00-08:00,0.45808166666666666
2023-01-08 17:00:00-08:00,0.5035883333333333
2023-01-08 18:00:00-08:00,0.5105066666666667
2023-01-08 19:00:00-08:00,0.5041583333333334
2023-01-08 20:00:00-08:00,0.48936166666666664
2023-01-08 21:00:00-08:00,0.47260166666666664
2023-01-08 22:00:00-08:00,0.44600666666666666
2023-01-08 23:00:00-08:00,0.41857666666666665
2023-01-09 00:00:00-08:00,0.40448666666666666
2023-01-09 01:00:00-08:00,0.391455
2023-01-09 02:00:00-08:00,0.38525333333333334
2023-01-09 03:00:00-08:00,0.38395333333333337
2023-01-09 04:00:00-08:00,0.39247333333333334
2023-01-09 05:00:00-08:00,0.41812
2023-01-09 06:00:00-08:00,0.4594216666666666
2023-01-09 07:00:00-08:00,0.500095
2023-01-09 08:00:00-08:00,0.5117933333333333
2023-01-09 09:00:00-08:00,0.5181633333333333
2023-01-09 10:00:00-08:00,0.5158966666666667
2023-01-09 11:00:00-08:00,0.5094766666666667
2023-01-09 12:00:00-08:00,0.5024816666666666
2023-01-09 13:00:00-08:00,0.49689833333333333
2023-01-09 14:00:00-08:00,0.5038183333333334
2023-01-09 15:00:00-08:00,0.510865
2023-01-09 16:00:00-08:00,0.5222983333333333
2023-01-09 17:00:00-08:00,0.5504916666666666
2023-01-09 18:00:00-08:00,0.552995
2023-01-09 19:00:00-08:00,0.5413683333333333
2023-01-09 20:00:00-08:00,0.526795
2023-01-09 21:00:00-08:00,0.5059033333333334
2023-01-09 22:00:00-08:00,0.47626333333333337
2023-01-09 23:00:00-08:00,0.44327
2023-01-10 00:00:00-08:00,0.42180166666666663
2023-01-10 01:00:00-08:00,0.4063583333333334
2023-01-10 02:00:00-08:00,0.39168833333333336
2023-01-10 03:00:00-08:00,0.392905
2023-01-10 04:00:00-08:00,0.401585
2023-01-10 05:00:00-08:00,0.42394166666666666
2023-01-10 06:00:00-08:00,0.46515833333333334
2023-01-10 07:00:00-08:00,0.49981
2023-01-10 08:00:00-08:00,0.5095366666666666
2023-01-10 09:00:00-08:00,0.511155
2023-01-10 10:00:00-08:00,0.507595
2023-01-10 11:00:00-08:00,0.5018066666666666
2023-01-10 12:00:00-08:00,0.50092
2023-01-10 13:00:00-08:00,0.4956966666666666
2023-01-10 14:00:00-08:00,0.4949983333333334
2023-01-10 15:00:00-08:00,0.49856
2023-01-10 16:00:00-08:00,0.5178866666666666
2023-01-10 17:00:00-08:00,0.5566183333333333
2023-01-10 18:00:00-08:00,0.5607716666666667
2023-01-10 19:00:00-08:00,0.5492233333333334
2023-01-10 20:00:00-08:00,0.5357966666666666
2023-01-10 21:00:00-08:00,0.516835
2023-01-10 22:00:00-08:00,0.48778666666666665
2023-01-10 23:00:00-08:00,0.45888833333333334
2023-01-11 00:00:00-08:00,0.44021333333333335
2023-01-11 01:00:00-08:00,0.42480666666666667
2023-01-11 02:00:00-08:00,0.413755
2023-01-11 03:00:00-08:00,0.411505
2023-01-11 04:00:00-08:00,0.42022166666666666
2023-01-11 05:00:00-08:00,0.44672166666666663
2023-01-11 06:00:00-08:00,0.493825
2023-01-11 07:00:00-08:00,0.5269733333333334
2023-01-11 08:00:00-08:00,0.5308016666666666
2023-01-11 09:00:00-08:00,0.528615
2023-01-11 10:00:00-08:00,0.51235
2023-01-11 11:00:00-08:00,0.49710166666666666
2023-01-11 12:00:00-08:00,0.49041833333333334
2023-01-11 13:00:00-08:00,0.4883983333333334
2023-01-11 14:00:00-08:00,0.4919483333333334
2023-01-11 15:00:00-08:00,0.5097016666666666
2023-01-11 16:00:00-08:00,0.5341433333333333
2023-01-11 17:00:00-08:00,0.568075
2023-01-11 18:00:00-08:00,0.572495
2023-01-11 19:00:00-08:00,0.5628966666666666
2023-01-11 20:00:00-08:00,0.5487966666666666
2023-01-11 21:00:00-08:00,0.5312816666666667
2023-01-11 22:00:00-08:00,0.50105
2023-01-11 23:00:00-08:00,0.47250833333333336
2023-01-12 00:00:00-08:00,0.4546016666666666
2023-01-12 01:00:00-08:00,0.44007333333333337
2023-01-12 02:00:00-08:00,0.42845
2023-01-12 03:00:00-08:00,0.417615
2023-01-12 04:00:00-08:00,0.41981833333333335
2023-01-12 05:00:00-08:00,0.4407466666666666
2023-01-12 06:00:00-08:00,0.484535
2023-01-12 07:00:00-08:00,0.5104866666666666
2023-01-12 08:00:00-08:00,0.49705166666666667
2023-01-12 09:00:00-08:00,0.47484166666666666
2023-01-12 10:00:00-08:00,0.4437
2023-01-12 11:00:00-08:00,0.4258983333333334
2023-01-12 12:00:00-08:00,0.417205
2023-01-12 13:00:00-08:00,0.42082166666666665
2023-01-12 14:00:00-08:00,0.43120833333333336
2023-01-12 15:00:00-08:00,0.45669333333333334
2023-01-12 16:00:00-08:00,0.48617666666666665
2023-01-12 17:00:00-08:00,0.5270133333333333
2023-01-12 18:00:00-08:00,0.536885
2023-01-12 19:00:00-08:00,0.5251816666666667
2023-01-12 20:00:00-08:00,0.5126983333333334
2023-01-12 21:00:00-08:00,0.49764166666666665
2023-01-12 22:00:00-08:00,0.46906333333333333
2023-01-12 23:00:00-08:00,0.44002
2023-01-13 00:00:00-08:00,0.420165
2023-01-13 01:00:00-08:00,0.40506666666666663
2023-01-13 02:00:00-08:00,0.396605
2023-01-13 03:00:00-08:00,0.39397666666666664
2023-01-13 04:00:00-08:00,0.40224666666666664
2023-01-13 05:00:00-08:00,0.426285
2023-01-13 06:00:00-08:00,0.46823166666666666
2023-01-13 07:00:00-08:00,0.49952
2023-01-13 08:00:00-08:00,0.49576833333333337
2023-01-13 09:00:00-08:00,0.4872666666666666
2023-01-13 10:00:00-08:00,0.47630666666666666
2023-01-13 11:00:00-08:00,0.47153833333333334
2023-01-13 12:00:00-08:00,0.46869666666666665
2023-01-13 13:00:00-08:00,0.46210166666666663
2023-01-13 14:00:00-08:00,0.46527333333333337
2023-01-13 15:00:00-08:00,0.47266
2023-01-13 16:00:00-08:00,0.49215333333333333
2023-01-13 17:00:00-08:00,0.529325
2023-01-13 18:00:00-08:00,0.5308
2023-01-13 19:00:00-08:00,0.5204883333333333
2023-01-13 20:00:00-08:00,0.5076316666666666
2023-01-13 21:00:00-08:00,0.49419166666666664
2023-01-13 22:00:00-08:00,0.46765166666666663
2023-01-13 23:00:00-08:00,0.44144833333333333
2023-01-14 00:00:00-08:00,0.421395
2023-01-14 01:00:00-08:00,0.40473666666666663
2023-01-14 02:00:00-08:00,0.39022666666666667
2023-01-14 03:00:00-08:00,0.382155
2023-01-14 04:00:00-08:00,0.38342833333333337
2023-01-14 05:00:00-08:00,0.39332333333333336
2023-01-14 06:00:00-08:00,0.410125
2023-01-14 07:00:00-08:00,0.423555
2023-01-14 08:00:00-08:00,0.444245
2023-01-14 09:00:00-08:00,0.45975666666666665
2023-01-14 10:00:00-08:00,0.4675816666666666
2023-01-14 11:00:00-08:00,0.46773666666666663
2023-01-14 12:00:00-08:00,0.46859666666666666
2023-01-14 13:00:00-08:00,0.47854166666666664
2023-01-14 14:00:00-08:00,0.47834333333333334
2023-01-14 15:00:00-08:00,0.482135
2023-01-14 16:00:00-08:00,0.4917316666666666
2023-01-14 17:00:00-08:00,0.5167166666666666
2023-01-14 18:00:00-08:00,0.5153183333333333
2023-01-14 19:00:00-08:00,0.50907
2023-01-14 20:00:00-08:00,0.497305
2023-01-14 21:00:00-08:00,0.479895
2023-01-14 22:00:00-08:00,0.45781
2023-01-14 23:00:00-08:00,0.43321333333333334
2023-01-15 00:00:00-08:00,0.413965
2023-01-15 01:00:00-08:00,0.396915
2023-01-15 02:00:00-08:00,0.38519333333333333
2023-01-15 03:00:00-08:00,0.378665
2023-01-15 04:00:00-08:00,0.37879833333333335
2023-01-15 05:00:00-08:00,0.3848183333333334
2023-01-15 06:00:00-08:00,0.3990033333333334
2023-01-15 07:00:00-08:00,0.41054166666666664
2023-01-15 08:00:00-08:00,0.42391666666666666
2023-01-15 09:00:00-08:00,0.4278633333333334
2023-01-15 10:00:00-08:00,0.41998833333333335
2023-01-15 11:00:00-08:00,0.41257333333333335
2023-01-15 12:00:00-08:00,0.41891833333333334
2023-01-15 13:00:00-08:00,0.43635166666666664
2023-01-15 14:00:00-08:00,0.45503333333333335
2023-01-15 15:00:00-08:00,0.46933
2023-01-15 16:00:00-08:00,0.4847416666666666
2023-01-15 17:00:00-08:00,0.5163983333333334
2023-01-15 18:00:00-08:00,0.51969
2023-01-15 19:00:00-08:00,0.5095516666666666
2023-01-15 20:00:00-08:00,0.4991083333333334
2023-01-15 21:00:00-08:00,0.4845083333333334
2023-01-15 22:00:00-08:00,0.46037833333333333
2023-01-15 23:00:00-08:00,0.43208166666666664
2023-01-16 00:00:00-08:00,0.4158
2023-01-16 01:00:00-08:00,0.40028166666666665
2023-01-16 02:00:00-08:00,0.3929033333333334
2023-01-16 03:00:00-08:00,0.38932
2023-01-16 04:00:00-08:00,0.396785
2023-01-16 05:00:00-08:00,0.41977166666666665
2023-01-16 06:00:00-08:00,0.4532
2023-01-16 07:00:00-08:00,0.47606166666666666
2023-01-16 08:00:00-08:00,0.484285
2023-01-16 09:00:00-08:00,0.47719833333333334
2023-01-16 10:00:00-08:00,0.4611383333333334
2023-01-16 11:00:00-08:00,0.446785
2023-01-16 12:00:00-08:00,0.4443783333333334
2023-01-16 13:00:00-08:00,0.448045
2023-01-16 14:00:00-08:00,0.46010833333333334
2023-01-16 15:00:00-08:00,0.48066166666666665
2023-01-16 16:00:00-08:00,0.506755
2023-01-16 17:00:00-08:00,0.55122
2023-01-16 18:00:00-08:00,0.557145
2023-01-16 19:00:00-08:00,0.545515
2023-01-16 20:00:00-08:00,0.5334966666666666
2023-01-16 21:00:00-08:00,0.5153933333333334
2023-01-16 22:00:00-08:00,0.48377833333333337
2023-01-16 23:00:00-08:00,0.45182833333333333
2023-01-17 00:00:00-08:00,0.431485
2023-01-17 01:00:00-08:00,0.4154866666666666
2023-01-17 02:00:00-08:00,0.40714666666666666
2023-01-17 03:00:00-08:00,0.40716166666666664
2023-01-17 04:00:00-08:00,0.4160716666666666
2023-01-17 05:00:00-08:00,0.44606
2023-01-17 06:00:00-08:00,0.49565666666666663
2023-01-17 07:00:00-08:00,0.5297566666666667
2023-01-17 08:00:00-08:00,0.51323
2023-01-17 09:00:00-08:00,0.482085
2023-01-17 10:00:00-08:00,0.4486583333333334
2023-01-17 11:00:00-08:00,0.4247283333333334
2023-01-17 12:00:00-08:00,0.41303333333333336
2023-01-17 13:00:00-08:00,0.41182833333333335
2023-01-17 14:00:00-08:00,0.419285
2023-01-17 15:00:00-08:00,0.44358166666666665
2023-01-17 16:00:00-08:00,0.48791166666666663
2023-01-17 17:00:00-08:00,0.543125
2023-01-17 18:00:00-08:00,0.5595483333333333
2023-01-17 19:00:00-08:00,0.5531433333333333
2023-01-17 20:00:00-08:00,0.5433366666666667
2023-01-17 21:00:00-08:00,0.5272166666666667
2023-01-17 22:00:00-08:00,0.49531
2023-01-17 23:00:00-08:00,0.4637016666666666
2023-01-18 00:00:00-08:00,0.4444416666666666
2023-01-18 01:00:00-08:00,0.42995666666666665
2023-01-18 02:00:00-08:00,0.42120833333333335
2023-01-18 03:00:00-08:00,0.42050166666666666
2023-01-18 04:00:00-08:00,0.429875
2023-01-18 05:00:00-08:00,0.45852166666666666
2023-01-18 06:00:00-08:00,0.50792
2023-01-18 07:00:00-08:00,0.5417033333333333
2023-01-18 08:00:00-08:00,0.5173166666666666
2023-01-18 09:00:00-08:00,0.47536333333333336
2023-01-18 10:00:00-08:00,0.43793333333333334
2023-01-18 11:00:00-08:00,0.4111416666666666
2023-01-18 12:00:00-08:00,0.40255833333333335
2023-01-18 13:00:00-08:00,0.40965166666666664
2023-01-18 14:00:00-08:00,0.42854666666666663
2023-01-18 15:00:00-08:00,0.45654833333333333
2023-01-18 16:00:00-08:00,0.4977283333333334
2023-01-18 17:00:00-08:00,0.54549
2023-01-18 18:00:00-08:00,0.5573216666666666
2023-01-18 19:00:00-08:00,0.55092
2023-01-18 20:00:00-08:00,0.5406633333333334
2023-01-18 21:00:00-08:00,0.5232633333333333
2023-01-18 22:00:00-08:00,0.4907066666666666
2023-01-18 23:00:00-08:00,0.45871333333333336
2023-01-19 00:00:00-08:00,0.44034166666666663
2023-01-19 01:00:00-08:00,0.42341
2023-01-19 02:00:00-08:00,0.41692
2023-01-19 03:00:00-08:00,0.418375
2023-01-19 04:00:00-08:00,0.42977166666666666
2023-01-19 05:00:00-08:00,0.4585033333333334
2023-01-19 06:00:00-08:00,0.5070016666666667
2023-01-19 07:00:00-08:00,0.5372283333333333
2023-01-19 08:00:00-08:00,0.5214083333333334
2023-01-19 09:00:00-08:00,0.48989166666666667
2023-01-19 10:00:00-08:00,0.45783666666666667
2023-01-19 11:00:00-08:00,0.433725
2023-01-19 12:00:00-08:00,0.41945666666666664
2023-01-19 13:00:00-08:00,0.420635
2023-01-19 14:00:00-08:00,0.4359233333333334
2023-01-19 15:00:00-08:00,0.46711
2023-01-19 16:00:00-08:00,0.5085816666666666
2023-01-19 17:00:00-08:00,0.55371
2023-01-19 18:00:00-08:00,0.56541
2023-01-19 19:00:00-08:00,0.5576766666666666
2023-01-19 20:00:00-08:00,0.5440066666666666
2023-01-19 21:00:00-08:00,0.5258416666666667
2023-01-19 22:00:00-08:00,0.4940333333333334
2023-01-19 23:00:00-08:00,0.46176666666666666
2023-01-20 00:00:00-08:00,0.44506
2023-01-20 01:00:00-08:00,0.43232333333333334
2023-01-20 02:00:00-08:00,0.42461166666666667
2023-01-20 03:00:00-08:00,0.42153
2023-01-20 04:00:00-08:00,0.4310333333333334
2023-01-20 05:00:00-08:00,0.45856
2023-01-20 06:00:00-08:00,0.5068933333333333
2023-01-20 07:00:00-08:00,0.5390216666666666
2023-01-20 08:00:00-08:00,0.5167333333333334
2023-01-20 09:00:00-08:00,0.47734
2023-01-20 10:00:00-08:00,0.4355
2023-01-20 11:00:00-08:00,0.40579666666666664
2023-01-20 12:00:00-08:00,0.39127333333333336
2023-01-20 13:00:00-08:00,0.38973166666666664
2023-01-20 14:00:00-08:00,0.399615
2023-01-20 15:00:00-08:00,0.43100666666666665
2023-01-20 16:00:00-08:00,0.47628333333333334
2023-01-20 17:00:00-08:00,0.5277666666666666
2023-01-20 18:00:00-08:00,0.5429116666666667
2023-01-20 19:00:00-08:00,0.5374183333333333
2023-01-20 20:00:00-08:00,0.5293533333333333
2023-01-20 21:00:00-08:00,0.5181966666666666
2023-01-20 22:00:00-08:00,0.49605
2023-01-20 23:00:00-08:00,0.46934
2023-01-21 00:00:00-08:00,0.45034833333333335
2023-01-21 01:00:00-08:00,0.435235
2023-01-21 02:00:00-08:00,0.4242033333333334
2023-01-21 03:00:00-08:00,0.41895166666666667
2023-01-21 04:00:00-08:00,0.42186
2023-01-21 05:00:00-08:00,0.4344
2023-01-21 06:00:00-08:00,0.45580166666666666
2023-01-21 07:00:00-08:00,0.47056666666666663
2023-01-21 08:00:00-08:00,0.452285
2023-01-21 09:00:00-08:00,0.41437
2023-01-21 10:00:00-08:00,0.37664166666666665
2023-01-21 11:00:00-08:00,0.34822166666666665
2023-01-21 12:00:00-08:00,0.332845
2023-01-21 13:00:00-08:00,0.33174
2023-01-21 14:00:00-08:00,0.34826166666666664
2023-01-21 15:00:00-08:00,0.38347833333333337
2023-01-21 16:00:00-08:00,0.43326833333333337
2023-01-21 17:00:00-08:00,0.4904266666666666
2023-01-21 18:00:00-08:00,0.509775
2023-01-21 19:00:00-08:00,0.5050883333333334
2023-01-21 20:00:00-08:00,0.4996366666666666
2023-01-21 21:00:00-08:00,0.49075166666666664
2023-01-21 22:00:00-08:00,0.473745
2023-01-21 23:00:00-08:00,0.45183333333333336
2023-01-22 00:00:00-08:00,0.43599166666666667
2023-01-22 01:00:00-08:00,0.42152833333333334
2023-01-22 02:00:00-08:00,0.41067333333333333
2023-01-22 03:00:00-08:00,0.40552333333333335
2023-01-22 04:00:00-08:00,0.407245
2023-01-22 05:00:00-08:00,0.41655166666666665
2023-01-22 06:00:00-08:00,0.43272
2023-01-22 07:00:00-08:00,0.43880833333333336
2023-01-22 08:00:00-08:00,0.427055
2023-01-22 09:00:00-08:00,0.39371
2023-01-22 10:00:00-08:00,0.35838666666666663
2023-01-22 11:00:00-08:00,0.32954666666666665
2023-01-22 12:00:00-08:00,0.326335
2023-01-22 13:00:00-08:00,0.33463
2023-01-22 14:00:00-08:00,0.3484333333333334
2023-01-22 15:00:00-08:00,0.38070833333333337
2023-01-22 16:00:00-08:00,0.43146833333333334
2023-01-22 17:00:00-08:00,0.49136166666666664
2023-01-22 18:00:00-08:00,0.5114366666666667
2023-01-22 19:00:00-08:00,0.5138933333333333
2023-01-22 20:00:00-08:00,0.505465
2023-01-22 21:00:00-08:00,0.491435
2023-01-22 22:00:00-08:00,0.4641416666666666
2023-01-22 23:00:00-08:00,0.43743666666666664
2023-01-23 00:00:00-08:00,0.421995
2023-01-23 01:00:00-08:00,0.41153666666666666
2023-01-23 02:00:00-08:00,0.40543
2023-01-23 03:00:00-08:00,0.405405
2023-01-23 04:00:00-08:00,0.41588166666666665
2023-01-23 05:00:00-08:00,0.44892
2023-01-23 06:00:00-08:00,0.49936166666666665
2023-01-23 07:00:00-08:00,0.530315
2023-01-23 08:00:00-08:00,0.505735
2023-01-23 09:00:00-08:00,0.46555166666666664
2023-01-23 10:00:00-08:00,0.42497166666666664
2023-01-23 11:00:00-08:00,0.39921833333333334
2023-01-23 12:00:00-08:00,0.38556333333333337
2023-01-23 13:00:00-08:00,0.38561
2023-01-23 14:00:00-08:00,0.3971
2023-01-23 15:00:00-08:00,0.42895333333333335
2023-01-23 16:00:00-08:00,0.479065
2023-01-23 17:00:00-08:00,0.534575
2023-01-23 18:00:00-08:00,0.5515616666666666
2023-01-23 19:00:00-08:00,0.54617
2023-01-23 20:00:00-08:00,0.5351666666666667
2023-01-23 21:00:00-08:00,0.518845
2023-01-23 22:00:00-08:00,0.48842
2023-01-23 23:00:00-08:00,0.457245
2023-01-24 00:00:00-08:00,0.44022666666666666
2023-01-24 01:00:00-08:00,0.42714
2023-01-24 02:00:00-08:00,0.41986
2023-01-24 03:00:00-08:00,0.41909
2023-01-24 04:00:00-08:00,0.43068333333333336
2023-01-24 05:00:00-08:00,0.4595916666666666
2023-01-24 06:00:00-08:00,0.5116833333333334
2023-01-24 07:00:00-08:00,0.5408683333333334
2023-01-24 08:00:00-08:00,0.5095383333333333
2023-01-24 09:00:00-08:00,0.46782833333333335
2023-01-24 10:00:00-08:00,0.43001666666666666
2023-01-24 11:00:00-08:00,0.40126333333333336
2023-01-24 12:00:00-08:00,0.38383333333333336
2023-01-24 13:00:00-08:00,0.3843566666666666
2023-01-24 14:00:00-08:00,0.39746333333333334
2023-01-24 15:00:00-08:00,0.42906333333333335
2023-01-24 16:00:00-08:00,0.47273666666666664
2023-01-24 17:00:00-08:00,0.5239866666666666
2023-01-24 18:00:00-08:00,0.5426766666666667
2023-01-24 19:00:00-08:00,0.538265
2023-01-24 20:00:00-08:00,0.528515
2023-01-24 21:00:00-08:00,0.5111466666666666
2023-01-24 22:00:00-08:00,0.482155
2023-01-24 23:00:00-08:00,0.452515
2023-01-25 00:00:00-08:00,0.43469166666666664
2023-01-25 01:00:00-08:00,0.42168666666666665
2023-01-25 02:00:00-08:00,0.4149616666666666
2023-01-25 03:00:00-08:00,0.41509333333333337
2023-01-25 04:00:00-08:00,0.4275866666666666
2023-01-25 05:00:00-08:00,0.4582583333333334
2023-01-25 06:00:00-08:00,0.50956
2023-01-25 07:00:00-08:00,0.537375
2023-01-25 08:00:00-08:00,0.5079583333333334
2023-01-25 09:00:00-08:00,0.464665
2023-01-25 10:00:00-08:00,0.4275933333333334
2023-01-25 11:00:00-08:00,0.40145666666666663
2023-01-25 12:00:00-08:00,0.384635
2023-01-25 13:00:00-08:00,0.3851583333333334
2023-01-25 14:00:00-08:00,0.400805
2023-01-25 15:00:00-08:00,0.42967666666666665
2023-01-25 16:00:00-08:00,0.4707133333333334
2023-01-25 17:00:00-08:00,0.517175
2023-01-25 18:00:00-08:00,0.5335133333333334
2023-01-25 19:00:00-08:00,0.5279633333333333
2023-01-25 20:00:00-08:00,0.51656
2023-01-25 21:00:00-08:00,0.49971333333333334
2023-01-25 22:00:00-08:00,0.47053
2023-01-25 23:00:00-08:00,0.44084166666666663
2023-01-26 00:00:00-08:00,0.42766666666666664
2023-01-26 01:00:00-08:00,0.41569
2023-01-26 02:00:00-08:00,0.4048366666666666
2023-01-26 03:00:00-08:00,0.4013966666666666
2023-01-26 04:00:00-08:00,0.41070166666666663
2023-01-26 05:00:00-08:00,0.44063166666666664
2023-01-26 06:00:00-08:00,0.48666333333333334
2023-01-26 07:00:00-08:00,0.513935
2023-01-26 08:00:00-08:00,0.48837833333333336
2023-01-26 09:00:00-08:00,0.44875333333333334
2023-01-26 10:00:00-08:00,0.41316
2023-01-26 11:00:00-08:00,0.3890733333333334
2023-01-26 12:00:00-08:00,0.37748666666666664
2023-01-26 13:00:00-08:00,0.37945
2023-01-26 14:00:00-08:00,0.39555833333333335
2023-01-26 15:00:00-08:00,0.42306666666666665
2023-01-26 16:00:00-08:00,0.46473333333333333
2023-01-26 17:00:00-08:00,0.5113483333333334
2023-01-26 18:00:00-08:00,0.5321866666666667
2023-01-26 19:00:00-08:00,0.529685
2023-01-26 20:00:00-08:00,0.5209766666666666
2023-01-26 21:00:00-08:00,0.5044683333333334
2023-01-26 22:00:00-08:00,0.4747
2023-01-26 23:00:00-08:00,0.44667666666666667
2023-01-27 00:00:00-08:00,0.42852
2023-01-27 01:00:00-08:00,0.41532166666666664
2023-01-27 02:00:00-08:00,0.40693666666666667
2023-01-27 03:00:00-08:00,0.40517833333333336
2023-01-27 04:00:00-08:00,0.41666833333333336
2023-01-27 05:00:00-08:00,0.44490833333333335
2023-01-27 06:00:00-08:00,0.49039333333333335
2023-01-27 07:00:00-08:00,0.51795
2023-01-27 08:00:00-08:00,0.48992166666666664
2023-01-27 09:00:00-08:00,0.45281
2023-01-27 10:00:00-08:00,0.41705166666666665
2023-01-27 11:00:00-08:00,0.38991
2023-01-27 12:00:00-08:00,0.37557666666666667
2023-01-27 13:00:00-08:00,0.3772716666666666
2023-01-27 14:00:00-08:00,0.39047166666666666
2023-01-27 15:00:00-08:00,0.41916166666666665
2023-01-27 16:00:00-08:00,0.454375
2023-01-27 17:00:00-08:00,0.5024483333333334
2023-01-27 18:00:00-08:00,0.51786
2023-01-27 19:00:00-08:00,0.509835
2023-01-27 20:00:00-08:00,0.49944666666666665
2023-01-27 21:00:00-08:00,0.48938166666666666
2023-01-27 22:00:00-08:00,0.46762833333333337
2023-01-27 23:00:00-08:00,0.44134666666666666
2023-01-28 00:00:00-08:00,0.42423666666666665
2023-01-28 01:00:00-08:00,0.40982166666666664
2023-01-28 02:00:00-08:00,0.39964666666666665
2023-01-28 03:00:00-08:00,0.395175
2023-01-28 04:00:00-08:00,0.39725666666666665
2023-01-28 05:00:00-08:00,0.41067666666666663
2023-01-28 06:00:00-08:00,0.43320833333333336
2023-01-28 07:00:00-08:00,0.44353666666666663
2023-01-28 08:00:00-08:00,0.43015666666666663
2023-01-28 09:00:00-08:00,0.4008333333333334
2023-01-28 10:00:00-08:00,0.37171
2023-01-28 11:00:00-08:00,0.34385666666666664
2023-01-28 12:00:00-08:00,0.3255166666666667
2023-01-28 13:00:00-08:00,0.32417
2023-01-28 14:00:00-08:00,0.3398866666666666
2023-01-28 15:00:00-08:00,0.368365
2023-01-28 16:00:00-08:00,0.41817333333333334
2023-01-28 17:00:00-08:00,0.46941
2023-01-28 18:00:00-08:00,0.4917916666666666
2023-01-28 19:00:00-08:00,0.48829666666666666
2023-01-28 20:00:00-08:00,0.478965
2023-01-28 21:00:00-08:00,0.46846
2023-01-28 22:00:00-08:00,0.44982833333333333
2023-01-28 23:00:00-08:00,0.427305
2023-01-29 00:00:00-08:00,0.41081833333333334
2023-01-29 01:00:00-08:00,0.3963116666666666
2023-01-29 02:00:00-08:00,0.38418
2023-01-29 03:00:00-08:00,0.37786166666666665
2023-01-29 04:00:00-08:00,0.37936333333333333
2023-01-29 05:00:00-08:00,0.38644166666666663
2023-01-29 06:00:00-08:00,0.40280666666666665
2023-01-29 07:00:00-08:00,0.4151816666666666
2023-01-29 08:00:00-08:00,0.42170166666666664
2023-01-29 09:00:00-08:00,0.425045
2023-01-29 10:00:00-08:00,0.4197916666666666
2023-01-29 11:00:00-08:00,0.416215
2023-01-29 12:00:00-08:00,0.4176566666666666
2023-01-29 13:00:00-08:00,0.40930333333333335
2023-01-29 14:00:00-08:00,0.41586
2023-01-29 15:00:00-08:00,0.43474833333333335
2023-01-29 16:00:00-08:00,0.4632
2023-01-29 17:00:00-08:00,0.5037333333333334
2023-01-29 18:00:00-08:00,0.5192833333333333
2023-01-29 19:00:00-08:00,0.517655
2023-01-29 20:00:00-08:00,0.5061416666666666
2023-01-29 21:00:00-08:00,0.4888483333333334
2023-01-29 22:00:00-08:00,0.46069166666666667
2023-01-29 23:00:00-08:00,0.43094
2023-01-30 00:00:00-08:00,0.414365
2023-01-30 01:00:00-08:00,0.40217166666666665
2023-01-30 02:00:00-08:00,0.39478
2023-01-30 03:00:00-08:00,0.3948683333333334
2023-01-30 04:00:00-08:00,0.40756833333333337
2023-01-30 05:00:00-08:00,0.4371683333333334
2023-01-30 06:00:00-08:00,0.48747
2023-01-30 07:00:00-08:00,0.5223316666666666
2023-01-30 08:00:00-08:00,0.5124516666666666
2023-01-30 09:00:00-08:00,0.48963333333333336
2023-01-30 10:00:00-08:00,0.460415
2023-01-30 11:00:00-08:00,0.4406683333333334
2023-01-30 12:00:00-08:00,0.44115
2023-01-30 13:00:00-08:00,0.44483833333333334
2023-01-30 14:00:00-08:00,0.44773833333333335
2023-01-30 15:00:00-08:00,0.46658
2023-01-30 16:00:00-08:00,0.49682666666666664
2023-01-30 17:00:00-08:00,0.5407316666666666
2023-01-30 18:00:00-08:00,0.56032
2023-01-30 19:00:00-08:00,0.5507833333333334
2023-01-30 20:00:00-08:00,0.5383733333333334
2023-01-30 21:00:00-08:00,0.5190866666666667
2023-01-30 22:00:00-08:00,0.49012333333333336
2023-01-30 23:00:00-08:00,0.45758
2023-01-31 00:00:00-08:00,0.44254166666666667
2023-01-31 01:00:00-08:00,0.43054333333333333
2023-01-31 02:00:00-08:00,0.42097666666666667
2023-01-31 03:00:00-08:00,0.41976166666666664
2023-01-31 04:00:00-08:00,0.43100666666666665
2023-01-31 05:00:00-08:00,0.461545
2023-01-31 06:00:00-08:00,0.5111566666666666
2023-01-31 07:00:00-08:00,0.53726
2023-01-31 08:00:00-08:00,0.5071033333333334
2023-01-31 09:00:00-08:00,0.46404666666666666
2023-01-31 10:00:00-08:00,0.423385
2023-01-31 11:00:00-08:00,0.3919883333333334
2023-01-31 12:00:00-08:00,0.3779666666666666
2023-01-31 13:00:00-08:00,0.37457333333333337
2023-01-31 14:00:00-08:00,0.38815
2023-01-31 15:00:00-08:00,0.4175716666666666
2023-01-31 16:00:00-08:00,0.4632016666666666
2023-01-31 17:00:00-08:00,0.5195883333333333
2023-01-31 18:00:00-08:00,0.5451133333333333
2023-01-31 19:00:00-08:00,0.5442866666666667
2023-01-31 20:00:00-08:00,0.5359933333333333
2023-01-31 21:00:00-08:00,0.51964
2023-01-31 22:00:00-08:00,0.490515
2023-01-31 23:00:00-08:00,0.45935333333333334
2023-02-01 00:00:00-08:00,0.4466616666666666
2023-02-01 01:00:00-08:00,0.43354833333333337
2023-02-01 02:00:00-08:00,0.42602
2023-02-01 03:00:00-08:00,0.42468
2023-02-01 04:00:00-08:00,0.43336166666666665
2023-02-01 05:00:00-08:00,0.46434166666666665
2023-02-01 06:00:00-08:00,0.5123683333333333
2023-02-01 07:00:00-08:00,0.53696
2023-02-01 08:00:00-08:00,0.5017383333333334
2023-02-01 09:00:00-08:00,0.457525
2023-02-01 10:00:00-08:00,0.4172983333333334
2023-02-01 11:00:00-08:00,0.386855
2023-02-01 12:00:00-08:00,0.37428333333333336
2023-02-01 13:00:00-08:00,0.37634333333333336
2023-02-01 14:00:00-08:00,0.39546166666666666
2023-02-01 15:00:00-08:00,0.422225
2023-02-01 16:00:00-08:00,0.46565333333333336
2023-02-01 17:00:00-08:00,0.51869
2023-02-01 18:00:00-08:00,0.5440083333333333
2023-02-01 19:00:00-08:00,0.5397883333333333
2023-02-01 20:00:00-08:00,0.5313383333333334
2023-02-01 21:00:00-08:00,0.516845
2023-02-01 22:00:00-08:00,0.48722166666666666
2023-02-01 23:00:00-08:00,0.45658333333333334
2023-02-02 00:00:00-08:00,0.44278333333333336
2023-02-02 01:00:00-08:00,0.43057333333333336
2023-02-02 02:00:00-08:00,0.4223483333333334
2023-02-02 03:00:00-08:00,0.42022666666666664
2023-02-02 04:00:00-08:00,0.428275
2023-02-02 05:00:00-08:00,0.459645
2023-02-02 06:00:00-08:00,0.508055
2023-02-02 07:00:00-08:00,0.530935
2023-02-02 08:00:00-08:00,0.5036516666666666
2023-02-02 09:00:00-08:00,0.46956333333333333
2023-02-02 10:00:00-08:00,0.4428
2023-02-02 11:00:00-08:00,0.4244016666666666
2023-02-02 12:00:00-08:00,0.41346333333333335
2023-02-02 13:00:00-08:00,0.41701
2023-02-02 14:00:00-08:00,0.4272916666666666
2023-02-02 15:00:00-08:00,0.44323166666666663
2023-02-02 16:00:00-08:00,0.474845
2023-02-02 17:00:00-08:00,0.5205366666666666
2023-02-02 18:00:00-08:00,0.5389733333333333
2023-02-02 19:00:00-08:00,0.53233
2023-02-02 20:00:00-08:00,0.5198816666666667
2023-02-02 21:00:00-08:00,0.503715
2023-02-02 22:00:00-08:00,0.474365
2023-02-02 23:00:00-08:00,0.44392
2023-02-03 00:00:00-08:00,0.42895333333333335
2023-02-03 01:00:00-08:00,0.4145433333333334
2023-02-03 02:00:00-08:00,0.404425
2023-02-03 03:00:00-08:00,0.40102
2023-02-03 04:00:00-08:00,0.4079966666666666
2023-02-03 05:00:00-08:00,0.434095
2023-02-03 06:00:00-08:00,0.47979666666666665
2023-02-03 07:00:00-08:00,0.5114983333333334
2023-02-03 08:00:00-08:00,0.508125
2023-02-03 09:00:00-08:00,0.48972166666666667
2023-02-03 10:00:00-08:00,0.4699183333333334
2023-02-03 11:00:00-08:00,0.443045
2023-02-03 12:00:00-08:00,0.425415
2023-02-03 13:00:00-08:00,0.41640166666666667
2023-02-03 14:00:00-08:00,0.42269333333333337
2023-02-03 15:00:00-08:00,0.438005
2023-02-03 16:00:00-08:00,0.46418
2023-02-03 17:00:00-08:00,0.5046366666666666
2023-02-03 18:00:00-08:00,0.51909
2023-02-03 19:00:00-08:00,0.5101816666666666
2023-02-03 20:00:00-08:00,0.500545
2023-02-03 21:00:00-08:00,0.48855666666666664
2023-02-03 22:00:00-08:00,0.466145
2023-02-03 23:00:00-08:00,0.4400833333333334
2023-02-04 00:00:00-08:00,0.426685
2023-02-04 01:00:00-08:00,0.412205
2023-02-04 02:00:00-08:00,0.40101
2023-02-04 03:00:00-08:00,0.39595833333333336
2023-02-04 04:00:00-08:00,0.397985
2023-02-04 05:00:00-08:00,0.40659333333333336
2023-02-04 06:00:00-08:00,0.42574833333333334
2023-02-04 07:00:00-08:00,0.4313166666666666
2023-02-04 08:00:00-08:00,0.416495
2023-02-04 09:00:00-08:00,0.39057166666666665
2023-02-04 10:00:00-08:00,0.361715
2023-02-04 11:00:00-08:00,0.343355
2023-02-04 12:00:00-08:00,0.33975666666666665
2023-02-04 13:00:00-08:00,0.35012666666666664
2023-02-04 14:00:00-08:00,0.3721683333333334
2023-02-04 15:00:00-08:00,0.39574833333333337
2023-02-04 16:00:00-08:00,0.42401833333333333
2023-02-04 17:00:00-08:00,0.4657583333333334
2023-02-04 18:00:00-08:00,0.4834266666666666
2023-02-04 19:00:00-08:00,0.47787833333333335
2023-02-04 20:00:00-08:00,0.46906166666666665
2023-02-04 21:00:00-08:00,0.45867
2023-02-04 22:00:00-08:00,0.43937
2023-02-04 23:00:00-08:00,0.41788166666666665
2023-02-05 00:00:00-08:00,0.40524
2023-02-05 01:00:00-08:00,0.39221
2023-02-05 02:00:00-08:00,0.38161
2023-02-05 03:00:00-08:00,0.37735166666666664
2023-02-05 04:00:00-08:00,0.37430833333333335
2023-02-05 05:00:00-08:00,0.37975833333333336
2023-02-05 06:00:00-08:00,0.39386
2023-02-05 07:00:00-08:00,0.40066333333333337
2023-02-05 08:00:00-08:00,0.3963
2023-02-05 09:00:00-08:00,0.37768166666666664
2023-02-05 10:00:00-08:00,0.3544083333333334
2023-02-05 11:00:00-08:00,0.34429666666666664
2023-02-05 12:00:00-08:00,0.33090833333333336
2023-02-05 13:00:00-08:00,0.33180333333333334
2023-02-05 14:00:00-08:00,0.347795
2023-02-05 15:00:00-08:00,0.37309333333333333
2023-02-05 16:00:00-08:00,0.41326833333333335
2023-02-05 17:00:00-08:00,0.46960833333333335
2023-02-05 18:00:00-08:00,0.49941
2023-02-05 19:00:00-08:00,0.4975
2023-02-05 20:00:00-08:00,0.48873833333333333
2023-02-05 21:00:00-08:00,0.47509166666666663
2023-02-05 22:00:00-08:00,0.44824833333333336
2023-02-05 23:00:00-08:00,0.42469166666666663
2023-02-06 00:00:00-08:00,0.40981166666666663
2023-02-06 01:00:00-08:00,0.396845
2023-02-06 02:00:00-08:00,0.39011666666666667
2023-02-06 03:00:00-08:00,0.3904
2023-02-06 04:00:00-08:00,0.401805
2023-02-06 05:00:00-08:00,0.43255
2023-02-06 06:00:00-08:00,0.482655
2023-02-06 07:00:00-08:00,0.5099316666666667
2023-02-06 08:00:00-08:00,0.4866466666666666
2023-02-06 09:00:00-08:00,0.44980333333333333
2023-02-06 10:00:00-08:00,0.4194583333333334
2023-02-06 11:00:00-08:00,0.3948433333333334
2023-02-06 12:00:00-08:00,0.37767666666666666
2023-02-06 13:00:00-08:00,0.374535
2023-02-06 14:00:00-08:00,0.38087
2023-02-06 15:00:00-08:00,0.407075
2023-02-06 16:00:00-08:00,0.449825
2023-02-06 17:00:00-08:00,0.5065183333333334
2023-02-06 18:00:00-08:00,0.535765
2023-02-06 19:00:00-08:00,0.5305533333333333
2023-02-06 20:00:00-08:00,0.519115
2023-02-06 21:00:00-08:00,0.5018416666666666
2023-02-06 22:00:00-08:00,0.47307166666666667
2023-02-06 23:00:00-08:00,0.44608333333333333
2023-02-07 00:00:00-08:00,0.42966333333333334
2023-02-07 01:00:00-08:00,0.41584166666666667
2023-02-07 02:00:00-08:00,0.4078266666666666
2023-02-07 03:00:00-08:00,0.40638
2023-02-07 04:00:00-08:00,0.41819
2023-02-07 05:00:00-08:00,0.4449066666666666
2023-02-07 06:00:00-08:00,0.49356333333333335
2023-02-07 07:00:00-08:00,0.515455
2023-02-07 08:00:00-08:00,0.48253333333333337
2023-02-07 09:00:00-08:00,0.43948
2023-02-07 10:00:00-08:00,0.40430666666666665
2023-02-07 11:00:00-08:00,0.382615
2023-02-07 12:00:00-08:00,0.37368166666666663
2023-02-07 13:00:00-08:00,0.3798283333333334
2023-02-07 14:00:00-08:00,0.38840166666666665
2023-02-07 15:00:00-08:00,0.415475
2023-02-07 16:00:00-08:00,0.45248666666666665
2023-02-07 17:00:00-08:00,0.5045516666666666
2023-02-07 18:00:00-08:00,0.5308183333333334
2023-02-07 19:00:00-08:00,0.5254833333333333
2023-02-07 20:00:00-08:00,0.5157633333333334
2023-02-07 21:00:00-08:00,0.49965166666666666
2023-02-07 22:00:00-08:00,0.47356
2023-02-07 23:00:00-08:00,0.44430166666666665
2023-02-08 00:00:00-08:00,0.42713333333333336
2023-02-08 01:00:00-08:00,0.4130183333333334
2023-02-08 02:00:00-08:00,0.40307166666666666
2023-02-08 03:00:00-08:00,0.40137833333333334
2023-02-08 04:00:00-08:00,0.41367
2023-02-08 05:00:00-08:00,0.4432716666666666
2023-02-08 06:00:00-08:00,0.49197
2023-02-08 07:00:00-08:00,0.51376
2023-02-08 08:00:00-08:00,0.4803016666666666
2023-02-08 09:00:00-08:00,0.4401116666666666
2023-02-08 10:00:00-08:00,0.40169166666666667
2023-02-08 11:00:00-08:00,0.37535333333333337
2023-02-08 12:00:00-08:00,0.36433666666666664
2023-02-08 13:00:00-08:00,0.3658733333333334
2023-02-08 14:00:00-08:00,0.3815733333333334
2023-02-08 15:00:00-08:00,0.41023
2023-02-08 16:00:00-08:00,0.4487116666666666
2023-02-08 17:00:00-08:00,0.49910666666666664
2023-02-08 18:00:00-08:00,0.5255466666666666
2023-02-08 19:00:00-08:00,0.5191683333333333
2023-02-08 20:00:00-08:00,0.5085883333333333
2023-02-08 21:00:00-08:00,0.4947033333333334
2023-02-08 22:00:00-08:00,0.46881333333333336
2023-02-08 23:00:00-08:00,0.44060166666666667
2023-02-09 00:00:00-08:00,0.42499
2023-02-09 01:00:00-08:00,0.41155
2023-02-09 02:00:00-08:00,0.40019166666666667
2023-02-09 03:00:00-08:00,0.397815
2023-02-09 04:00:00-08:00,0.408455
2023-02-09 05:00:00-08:00,0.43784166666666663
2023-02-09 06:00:00-08:00,0.48466
2023-02-09 07:00:00-08:00,0.5046966666666667
2023-02-09 08:00:00-08:00,0.47300166666666665
2023-02-09 09:00:00-08:00,0.43483333333333335
2023-02-09 10:00:00-08:00,0.39948666666666666
2023-02-09 11:00:00-08:00,0.3753066666666666
2023-02-09 12:00:00-08:00,0.365275
2023-02-09 13:00:00-08:00,0.37021166666666666
2023-02-09 14:00:00-08:00,0.38373166666666664
2023-02-09 15:00:00-08:00,0.4121916666666666
2023-02-09 16:00:00-08:00,0.45108166666666666
2023-02-09 17:00:00-08:00,0.4972566666666666
2023-02-09 18:00:00-08:00,0.5208066666666666
2023-02-09 19:00:00-08:00,0.51349
2023-02-09 20:00:00-08:00,0.5024666666666666
2023-02-09 21:00:00-08:00,0.48901
2023-02-09 22:00:00-08:00,0.461435
2023-02-09 23:00:00-08:00,0.4340366666666666
2023-02-10 00:00:00-08:00,0.41946833333333333
2023-02-10 01:00:00-08:00,0.40555833333333335
2023-02-10 02:00:00-08:00,0.393395
2023-02-10 03:00:00-08:00,0.3908216666666666
2023-02-10 04:00:00-08:00,0.40126333333333336
2023-02-10 05:00:00-08:00,0.42927666666666664
2023-02-10 06:00:00-08:00,0.4725283333333334
2023-02-10 07:00:00-08:00,0.49085166666666663
2023-02-10 08:00:00-08:00,0.461205
2023-02-10 09:00:00-08:00,0.424935
2023-02-10 10:00:00-08:00,0.39374166666666666
2023-02-10 11:00:00-08:00,0.37452
2023-02-10 12:00:00-08:00,0.3678166666666666
2023-02-10 13:00:00-08:00,0.37224666666666667
2023-02-10 14:00:00-08:00,0.38810666666666666
2023-02-10 15:00:00-08:00,0.4172383333333334
2023-02-10 16:00:00-08:00,0.45438833333333334
2023-02-10 17:00:00-08:00,0.49346333333333336
2023-02-10 18:00:00-08:00,0.512345
2023-02-10 19:00:00-08:00,0.5027766666666666
2023-02-10 20:00:00-08:00,0.49419166666666664
2023-02-10 21:00:00-08:00,0.48104166666666665
2023-02-10 22:00:00-08:00,0.4618433333333334
2023-02-10 23:00:00-08:00,0.43713833333333335
2023-02-11 00:00:00-08:00,0.41923333333333335
2023-02-11 01:00:00-08:00,0.4035033333333334
2023-02-11 02:00:00-08:00,0.39122333333333337
2023-02-11 03:00:00-08:00,0.3821366666666666
2023-02-11 04:00:00-08:00,0.38351
2023-02-11 05:00:00-08:00,0.394475
2023-02-11 06:00:00-08:00,0.41274333333333335
2023-02-11 07:00:00-08:00,0.41770333333333337
2023-02-11 08:00:00-08:00,0.40238166666666664
2023-02-11 09:00:00-08:00,0.3849383333333334
2023-02-11 10:00:00-08:00,0.3699
2023-02-11 11:00:00-08:00,0.35625833333333334
2023-02-11 12:00:00-08:00,0.3465566666666666
2023-02-11 13:00:00-08:00,0.33569333333333334
2023-02-11 14:00:00-08:00,0.34017
2023-02-11 15:00:00-08:00,0.36235333333333336
2023-02-11 16:00:00-08:00,0.40628
2023-02-11 17:00:00-08:00,0.4594783333333334
2023-02-11 18:00:00-08:00,0.48890666666666666
2023-02-11 19:00:00-08:00,0.48589
2023-02-11 20:00:00-08:00,0.479045
2023-02-11 21:00:00-08:00,0.46970333333333336
2023-02-11 22:00:00-08:00,0.45303
2023-02-11 23:00:00-08:00,0.43277333333333334
2023-02-12 00:00:00-08:00,0.41684166666666667
2023-02-12 01:00:00-08:00,0.403445
2023-02-12 02:00:00-08:00,0.39328
2023-02-12 03:00:00-08:00,0.38576333333333335
2023-02-12 04:00:00-08:00,0.38594333333333336
2023-02-12 05:00:00-08:00,0.3926233333333334
2023-02-12 06:00:00-08:00,0.408575
2023-02-12 07:00:00-08:00,0.4083016666666666
2023-02-12 08:00:00-08:00,0.38664
2023-02-12 09:00:00-08:00,0.35411833333333337
2023-02-12 10:00:00-08:00,0.3271516666666667
2023-02-12 11:00:00-08:00,0.3072433333333333
2023-02-12 12:00:00-08:00,0.2993616666666667
2023-02-12 13:00:00-08:00,0.306375
2023-02-12 14:00:00-08:00,0.33101166666666665
2023-02-12 15:00:00-08:00,0.365485
2023-02-12 16:00:00-08:00,0.40057666666666664
2023-02-12 17:00:00-08:00,0.44770166666666666
2023-02-12 18:00:00-08:00,0.475655
2023-02-12 19:00:00-08:00,0.47372833333333336
2023-02-12 20:00:00-08:00,0.4743
2023-02-12 21:00:00-08:00,0.4643
2023-02-12 22:00:00-08:00,0.4431083333333334
2023-02-12 23:00:00-08:00,0.41867666666666664
2023-02-13 00:00:00-08:00,0.40381833333333333
2023-02-13 01:00:00-08:00,0.39158666666666664
2023-02-13 02:00:00-08:00,0.385675
2023-02-13 03:00:00-08:00,0.3833566666666666
2023-02-13 04:00:00-08:00,0.39526
2023-02-13 05:00:00-08:00,0.4238133333333334
2023-02-13 06:00:00-08:00,0.467925
2023-02-13 07:00:00-08:00,0.4877633333333334
2023-02-13 08:00:00-08:00,0.460785
2023-02-13 09:00:00-08:00,0.4235683333333334
2023-02-13 10:00:00-08:00,0.395275
2023-02-13 11:00:00-08:00,0.37114
2023-02-13 12:00:00-08:00,0.360205
2023-02-13 13:00:00-08:00,0.36288166666666666
2023-02-13 14:00:00-08:00,0.37936666666666663
2023-02-13 15:00:00-08:00,0.40330666666666665
2023-02-13 16:00:00-08:00,0.44505666666666666
2023-02-13 17:00:00-08:00,0.500905
2023-02-13 18:00:00-08:00,0.5319183333333334
2023-02-13 19:00:00-08:00,0.52666
2023-02-13 20:00:00-08:00,0.5153066666666667
2023-02-13 21:00:00-08:00,0.5001083333333334
2023-02-13 22:00:00-08:00,0.470705
2023-02-13 23:00:00-08:00,0.43984333333333336
2023-02-14 00:00:00-08:00,0.42152833333333334
2023-02-14 01:00:00-08:00,0.40553666666666666
2023-02-14 02:00:00-08:00,0.3963966666666666
2023-02-14 03:00:00-08:00,0.3955133333333334
2023-02-14 04:00:00-08:00,0.4028933333333334
2023-02-14 05:00:00-08:00,0.4309483333333334
2023-02-14 06:00:00-08:00,0.47958666666666666
2023-02-14 07:00:00-08:00,0.5079533333333334
2023-02-14 08:00:00-08:00,0.49265166666666665
2023-02-14 09:00:00-08:00,0.46564
2023-02-14 10:00:00-08:00,0.436055
2023-02-14 11:00:00-08:00,0.414605
2023-02-14 12:00:00-08:00,0.41262666666666664
2023-02-14 13:00:00-08:00,0.418855
2023-02-14 14:00:00-08:00,0.428625
2023-02-14 15:00:00-08:00,0.45249666666666666
2023-02-14 16:00:00-08:00,0.48458333333333337
2023-02-14 17:00:00-08:00,0.5295216666666667
2023-02-14 18:00:00-08:00,0.5587133333333334
2023-02-14 19:00:00-08:00,0.554335
2023-02-14 20:00:00-08:00,0.5458033333333333
2023-02-14 21:00:00-08:00,0.5308483333333334
2023-02-14 22:00:00-08:00,0.5011516666666667
2023-02-14 23:00:00-08:00,0.47201666666666664
2023-02-15 00:00:00-08:00,0.45542666666666665
2023-02-15 01:00:00-08:00,0.44195
2023-02-15 02:00:00-08:00,0.43296666666666667
2023-02-15 03:00:00-08:00,0.4305083333333334
2023-02-15 04:00:00-08:00,0.4400233333333334
2023-02-15 05:00:00-08:00,0.4718616666666666
2023-02-15 06:00:00-08:00,0.521025
2023-02-15 07:00:00-08:00,0.5371483333333333
2023-02-15 08:00:00-08:00,0.49516
2023-02-15 09:00:00-08:00,0.44795833333333335
2023-02-15 10:00:00-08:00,0.409485
2023-02-15 11:00:00-08:00,0.38003666666666663
2023-02-15 12:00:00-08:00,0.36274666666666666
2023-02-15 13:00:00-08:00,0.36142166666666664
2023-02-15 14:00:00-08:00,0.37630166666666665
2023-02-15 15:00:00-08:00,0.406135
2023-02-15 16:00:00-08:00,0.45115666666666665
2023-02-15 17:00:00-08:00,0.514565
2023-02-15 18:00:00-08:00,0.555185
2023-02-15 19:00:00-08:00,0.5538533333333333
2023-02-15 20:00:00-08:00,0.54624
2023-02-15 21:00:00-08:00,0.5328866666666666
2023-02-15 22:00:00-08:00,0.5051166666666667
2023-02-15 23:00:00-08:00,0.4760433333333334
2023-02-16 00:00:00-08:00,0.459625
2023-02-16 01:00:00-08:00,0.4479066666666666
2023-02-16 02:00:00-08:00,0.44084
2023-02-16 03:00:00-08:00,0.440515
2023-02-16 04:00:00-08:00,0.4527
2023-02-16 05:00:00-08:00,0.4835716666666666
2023-02-16 06:00:00-08:00,0.5325283333333334
2023-02-16 07:00:00-08:00,0.5468316666666666
2023-02-16 08:00:00-08:00,0.5145766666666667
2023-02-16 09:00:00-08:00,0.47698833333333335
2023-02-16 10:00:00-08:00,0.432895
2023-02-16 11:00:00-08:00,0.4066916666666666
2023-02-16 12:00:00-08:00,0.40137
2023-02-16 13:00:00-08:00,0.40060333333333337
2023-02-16 14:00:00-08:00,0.4075316666666666
2023-02-16 15:00:00-08:00,0.429605
2023-02-16 16:00:00-08:00,0.46602333333333334
2023-02-16 17:00:00-08:00,0.51143
2023-02-16 18:00:00-08:00,0.5523166666666667
2023-02-16 19:00:00-08:00,0.5501066666666666
2023-02-16 20:00:00-08:00,0.5407183333333334
2023-02-16 21:00:00-08:00,0.5257066666666667
2023-02-16 22:00:00-08:00,0.497615
2023-02-16 23:00:00-08:00,0.468855
2023-02-17 00:00:00-08:00,0.45177833333333334
2023-02-17 01:00:00-08:00,0.43776
2023-02-17 02:00:00-08:00,0.42727166666666666
2023-02-17 03:00:00-08:00,0.42544666666666664
2023-02-17 04:00:00-08:00,0.4316466666666666
2023-02-17 05:00:00-08:00,0.45982
2023-02-17 06:00:00-08:00,0.5040516666666667
2023-02-17 07:00:00-08:00,0.5223933333333334
2023-02-17 08:00:00-08:00,0.4993283333333334
2023-02-17 09:00:00-08:00,0.45966
2023-02-17 10:00:00-08:00,0.41895666666666664
2023-02-17 11:00:00-08:00,0.38919333333333334
2023-02-17 12:00:00-08:00,0.37531
2023-02-17 13:00:00-08:00,0.37539333333333336
2023-02-17 14:00:00-08:00,0.38535833333333336
2023-02-17 15:00:00-08:00,0.39998666666666666
2023-02-17 16:00:00-08:00,0.441435
2023-02-17 17:00:00-08:00,0.49522
2023-02-17 18:00:00-08:00,0.5243033333333333
2023-02-17 19:00:00-08:00,0.5188666666666666
2023-02-17 20:00:00-08:00,0.5136133333333334
2023-02-17 21:00:00-08:00,0.5044683333333334
2023-02-17 22:00:00-08:00,0.48415
2023-02-17 23:00:00-08:00,0.4594283333333334
2023-02-18 00:00:00-08:00,0.44487
2023-02-18 01:00:00-08:00,0.4265
2023-02-18 02:00:00-08:00,0.4179933333333334
2023-02-18 03:00:00-08:00,0.41675166666666663
2023-02-18 04:00:00-08:00,0.41278333333333334
2023-02-18 05:00:00-08:00,0.425075
2023-02-18 06:00:00-08:00,0.44483
2023-02-18 07:00:00-08:00,0.443765
2023-02-18 08:00:00-08:00,0.41537333333333337
2023-02-18 09:00:00-08:00,0.3843566666666666
2023-02-18 10:00:00-08:00,0.3524716666666666
2023-02-18 11:00:00-08:00,0.333835
2023-02-18 12:00:00-08:00,0.3222316666666667
2023-02-18 13:00:00-08:00,0.32537
2023-02-18 14:00:00-08:00,0.33324833333333337
2023-02-18 15:00:00-08:00,0.35707
2023-02-18 16:00:00-08:00,0.395875
2023-02-18 17:00:00-08:00,0.45109333333333335
2023-02-18 18:00:00-08:00,0.4855433333333334
2023-02-18 19:00:00-08:00,0.48410333333333333
2023-02-18 20:00:00-08:00,0.47920333333333337
2023-02-18 21:00:00-08:00,0.4718233333333334
2023-02-18 22:00:00-08:00,0.45574666666666663
2023-02-18 23:00:00-08:00,0.436325
2023-02-19 00:00:00-08:00,0.4231283333333334
2023-02-19 01:00:00-08:00,0.41040666666666664
2023-02-19 02:00:00-08:00,0.40193833333333334
2023-02-19 03:00:00-08:00,0.398525
2023-02-19 04:00:00-08:00,0.39719666666666664
2023-02-19 05:00:00-08:00,0.4081883333333334
2023-02-19 06:00:00-08:00,0.42424833333333334
2023-02-19 07:00:00-08:00,0.41794833333333337
2023-02-19 08:00:00-08:00,0.39216666666666666
2023-02-19 09:00:00-08:00,0.353575
2023-02-19 10:00:00-08:00,0.3182433333333333
2023-02-19 11:00:00-08:00,0.2966933333333333
2023-02-19 12:00:00-08:00,0.2882183333333333
2023-02-19 13:00:00-08:00,0.29194166666666665
2023-02-19 14:00:00-08:00,0.3186083333333333
2023-02-19 15:00:00-08:00,0.34428666666666663
2023-02-19 16:00:00-08:00,0.39344333333333337
2023-02-19 17:00:00-08:00,0.44525833333333337
2023-02-19 18:00:00-08:00,0.482085
2023-02-19 19:00:00-08:00,0.48146
2023-02-19 20:00:00-08:00,0.4748233333333334
2023-02-19 21:00:00-08:00,0.46670666666666666
2023-02-19 22:00:00-08:00,0.44887333333333335
2023-02-19 23:00:00-08:00,0.42464
2023-02-20 00:00:00-08:00,0.41112166666666666
2023-02-20 01:00:00-08:00,0.39941333333333334
2023-02-20 02:00:00-08:00,0.392715
2023-02-20 03:00:00-08:00,0.3927966666666666
2023-02-20 04:00:00-08:00,0.39963666666666664
2023-02-20 05:00:00-08:00,0.4219833333333334
2023-02-20 06:00:00-08:00,0.450275
2023-02-20 07:00:00-08:00,0.45758333333333334
2023-02-20 08:00:00-08:00,0.4351183333333334
2023-02-20 09:00:00-08:00,0.39921
2023-02-20 10:00:00-08:00,0.37216
2023-02-20 11:00:00-08:00,0.35052833333333333
2023-02-20 12:00:00-08:00,0.34129666666666664
2023-02-20 13:00:00-08:00,0.342525
2023-02-20 14:00:00-08:00,0.3567066666666666
2023-02-20 15:00:00-08:00,0.38326166666666667
2023-02-20 16:00:00-08:00,0.4268983333333334
2023-02-20 17:00:00-08:00,0.4821816666666666
2023-02-20 18:00:00-08:00,0.5117066666666666
2023-02-20 19:00:00-08:00,0.505675
2023-02-20 20:00:00-08:00,0.49298833333333336
2023-02-20 21:00:00-08:00,0.47769333333333336
2023-02-20 22:00:00-08:00,0.4532
2023-02-20 23:00:00-08:00,0.42489333333333335
2023-02-21 00:00:00-08:00,0.4095283333333334
2023-02-21 01:00:00-08:00,0.396635
2023-02-21 02:00:00-08:00,0.38775
2023-02-21 03:00:00-08:00,0.38556333333333337
2023-02-21 04:00:00-08:00,0.39704666666666666
2023-02-21 05:00:00-08:00,0.424435
2023-02-21 06:00:00-08:00,0.46668
2023-02-21 07:00:00-08:00,0.4819016666666666
2023-02-21 08:00:00-08:00,0.46397333333333335
2023-02-21 09:00:00-08:00,0.42709
2023-02-21 10:00:00-08:00,0.39718333333333333
2023-02-21 11:00:00-08:00,0.37793333333333334
2023-02-21 12:00:00-08:00,0.38162666666666667
2023-02-21 13:00:00-08:00,0.39191166666666666
2023-02-21 14:00:00-08:00,0.40358666666666665
2023-02-21 15:00:00-08:00,0.42576833333333336
2023-02-21 16:00:00-08:00,0.45982666666666666
2023-02-21 17:00:00-08:00,0.5037516666666666
2023-02-21 18:00:00-08:00,0.53174
2023-02-21 19:00:00-08:00,0.5284233333333334
2023-02-21 20:00:00-08:00,0.5194583333333334
2023-02-21 21:00:00-08:00,0.50533
2023-02-21 22:00:00-08:00,0.47697
2023-02-21 23:00:00-08:00,0.44796
2023-02-22 00:00:00-08:00,0.43337166666666666
2023-02-22 01:00:00-08:00,0.42067333333333334
2023-02-22 02:00:00-08:00,0.41267
2023-02-22 03:00:00-08:00,0.41114833333333334
2023-02-22 04:00:00-08:00,0.42265166666666665
2023-02-22 05:00:00-08:00,0.45174666666666663
2023-02-22 06:00:00-08:00,0.49365833333333337
2023-02-22 07:00:00-08:00,0.50358
2023-02-22 08:00:00-08:00,0.46988166666666664
2023-02-22 09:00:00-08:00,0.43263333333333337
2023-02-22 10:00:00-08:00,0.401485
2023-02-22 11:00:00-08:00,0.385915
2023-02-22 12:00:00-08:00,0.3875483333333334
2023-02-22 13:00:00-08:00,0.38571666666666665
2023-02-22 14:00:00-08:00,0.41117666666666663
2023-02-22 15:00:00-08:00,0.43441166666666664
2023-02-22 16:00:00-08:00,0.47281166666666663
2023-02-22 17:00:00-08:00,0.52808
2023-02-22 18:00:00-08:00,0.56685
2023-02-22 19:00:00-08:00,0.5651866666666666
2023-02-22 20:00:00-08:00,0.5552933333333333
2023-02-22 21:00:00-08:00,0.5409366666666666
2023-02-22 22:00:00-08:00,0.5097183333333334
2023-02-22 23:00:00-08:00,0.47791333333333336
2023-02-23 00:00:00-08:00,0.46043333333333336
2023-02-23 01:00:00-08:00,0.4440766666666666
2023-02-23 02:00:00-08:00,0.43380833333333335
2023-02-23 03:00:00-08:00,0.4318066666666666
2023-02-23 04:00:00-08:00,0.44158833333333336
2023-02-23 05:00:00-08:00,0.46936333333333335
2023-02-23 06:00:00-08:00,0.5132433333333334
2023-02-23 07:00:00-08:00,0.5309666666666667
2023-02-23 08:00:00-08:00,0.5161166666666667
2023-02-23 09:00:00-08:00,0.49797
2023-02-23 10:00:00-08:00,0.4778516666666666
2023-02-23 11:00:00-08:00,0.46165833333333334
2023-02-23 12:00:00-08:00,0.44532666666666665
2023-02-23 13:00:00-08:00,0.44017
2023-02-23 14:00:00-08:00,0.446565
2023-02-23 15:00:00-08:00,0.455585
2023-02-23 16:00:00-08:00,0.4880683333333334
2023-02-23 17:00:00-08:00,0.5378383333333333
2023-02-23 18:00:00-08:00,0.5713116666666667
2023-02-23 19:00:00-08:00,0.5671666666666666
2023-02-23 20:00:00-08:00,0.55654
2023-02-23 21:00:00-08:00,0.5416366666666667
2023-02-23 22:00:00-08:00,0.51191
2023-02-23 23:00:00-08:00,0.48041666666666666
2023-02-24 00:00:00-08:00,0.4599566666666666
2023-02-24 01:00:00-08:00,0.44431666666666664
2023-02-24 02:00:00-08:00,0.4342783333333334
2023-02-24 03:00:00-08:00,0.430995
2023-02-24 04:00:00-08:00,0.4391616666666666
2023-02-24 05:00:00-08:00,0.46428
2023-02-24 06:00:00-08:00,0.50334
2023-02-24 07:00:00-08:00,0.52715
2023-02-24 08:00:00-08:00,0.5240016666666666
2023-02-24 09:00:00-08:00,0.5168016666666666
2023-02-24 10:00:00-08:00,0.5185016666666666
2023-02-24 11:00:00-08:00,0.513575
2023-02-24 12:00:00-08:00,0.5138366666666666
2023-02-24 13:00:00-08:00,0.5144116666666666
2023-02-24 14:00:00-08:00,0.509775
2023-02-24 15:00:00-08:00,0.51126
2023-02-24 16:00:00-08:00,0.51914
2023-02-24 17:00:00-08:00,0.5425233333333334
2023-02-24 18:00:00-08:00,0.56046
2023-02-24 19:00:00-08:00,0.5559483333333334
2023-02-24 20:00:00-08:00,0.541325
2023-02-24 21:00:00-08:00,0.525
2023-02-24 22:00:00-08:00,0.498995
2023-02-24 23:00:00-08:00,0.471825
2023-02-25 00:00:00-08:00,0.45037333333333335
2023-02-25 01:00:00-08:00,0.43388666666666664
2023-02-25 02:00:00-08:00,0.42177333333333333
2023-02-25 03:00:00-08:00,0.4149366666666666
2023-02-25 04:00:00-08:00,0.415425
2023-02-25 05:00:00-08:00,0.42468333333333336
2023-02-25 06:00:00-08:00,0.442705
2023-02-25 07:00:00-08:00,0.461015
2023-02-25 08:00:00-08:00,0.48049166666666665
2023-02-25 09:00:00-08:00,0.492165
2023-02-25 10:00:00-08:00,0.485625
2023-02-25 11:00:00-08:00,0.4635066666666666
2023-02-25 12:00:00-08:00,0.442895
2023-02-25 13:00:00-08:00,0.43213166666666664
2023-02-25 14:00:00-08:00,0.44345833333333334
2023-02-25 15:00:00-08:00,0.45548
2023-02-25 16:00:00-08:00,0.47129
2023-02-25 17:00:00-08:00,0.50445
2023-02-25 18:00:00-08:00,0.5335966666666666
2023-02-25 19:00:00-08:00,0.5310033333333334
2023-02-25 20:00:00-08:00,0.5200616666666666
2023-02-25 21:00:00-08:00,0.511245
2023-02-25 22:00:00-08:00,0.48793833333333336
2023-02-25 23:00:00-08:00,0.46256166666666665
2023-02-26 00:00:00-08:00,0.4449383333333334
2023-02-26 01:00:00-08:00,0.428455
2023-02-26 02:00:00-08:00,0.41652333333333336
2023-02-26 03:00:00-08:00,0.41012166666666666
2023-02-26 04:00:00-08:00,0.40926166666666663
2023-02-26 05:00:00-08:00,0.41779333333333335
2023-02-26 06:00:00-08:00,0.43018166666666663
2023-02-26 07:00:00-08:00,0.43806333333333336
2023-02-26 08:00:00-08:00,0.4195966666666666
2023-02-26 09:00:00-08:00,0.40227333333333337
2023-02-26 10:00:00-08:00,0.39148666666666665
2023-02-26 11:00:00-08:00,0.37988666666666665
2023-02-26 12:00:00-08:00,0.38096
2023-02-26 13:00:00-08:00,0.39488166666666663
2023-02-26 14:00:00-08:00,0.41362666666666664
2023-02-26 15:00:00-08:00,0.43452
2023-02-26 16:00:00-08:00,0.45794833333333335
2023-02-26 17:00:00-08:00,0.49588333333333334
2023-02-26 18:00:00-08:00,0.528395
2023-02-26 19:00:00-08:00,0.528265
2023-02-26 20:00:00-08:00,0.5190266666666666
2023-02-26 21:00:00-08:00,0.50586
2023-02-26 22:00:00-08:00,0.477825
2023-02-26 23:00:00-08:00,0.44862
2023-02-27 00:00:00-08:00,0.4327533333333334
2023-02-27 01:00:00-08:00,0.42030666666666666
2023-02-27 02:00:00-08:00,0.412275
2023-02-27 03:00:00-08:00,0.411905
2023-02-27 04:00:00-08:00,0.42356333333333335
2023-02-27 05:00:00-08:00,0.45339333333333337
2023-02-27 06:00:00-08:00,0.49839
2023-02-27 07:00:00-08:00,0.5256566666666667
2023-02-27 08:00:00-08:00,0.5248116666666667
2023-02-27 09:00:00-08:00,0.5172933333333334
2023-02-27 10:00:00-08:00,0.5117716666666666
2023-02-27 11:00:00-08:00,0.51324
2023-02-27 12:00:00-08:00,0.5046466666666667
2023-02-27 13:00:00-08:00,0.49498333333333333
2023-02-27 14:00:00-08:00,0.4837916666666666
2023-02-27 15:00:00-08:00,0.49057333333333336
2023-02-27 16:00:00-08:00,0.50975
2023-02-27 17:00:00-08:00,0.5467183333333333
2023-02-27 18:00:00-08:00,0.5771366666666666
2023-02-27 19:00:00-08:00,0.5715333333333333
2023-02-27 20:00:00-08:00,0.5577366666666667
2023-02-27 21:00:00-08:00,0.536485
2023-02-27 22:00:00-08:00,0.50479
2023-02-27 23:00:00-08:00,0.4712133333333334
